{"count":1,"self":13.6610944,"total":13.797524099999999,"children":{"InitializeActuators":{"count":12,"self":0.0010016,"total":0.0010016,"children":null},"InitializeSensors":{"count":12,"self":0.0010103,"total":0.0010103,"children":null},"AgentSendState":{"count":459,"self":0.0010012999999999999,"total":0.013421299999999999,"children":{"CollectObservations":{"count":1104,"self":0.0022107999999999997,"total":0.0022107999999999997,"children":null},"WriteActionMask":{"count":1104,"self":0.0010026,"total":0.0010026,"children":null},"RequestDecision":{"count":1104,"self":0.0092065999999999988,"total":0.0092065999999999988,"children":null}}},"DecideAction":{"count":459,"self":0.1018832,"total":0.1018832,"children":null},"AgentAct":{"count":459,"self":0.019112499999999998,"total":0.019112499999999998,"children":null}},"gauges":{"3DBall.CumulativeReward":{"count":31,"max":4.09999752,"min":0.500000238,"runningAverage":1.62258029,"value":1.69999945,"weightedAverage":1.39017224}},"metadata":{"timer_format_version":"0.1.0","start_time_seconds":"1759475524","unity_version":"2021.3.45f1","command_line_arguments":"C:\\Program Files\\Unity\\Hub\\Editor\\6000.0.38f1\\Editor\\Data\\2021.3.45f1\\Editor\\Unity.exe -projectpath C:\\Users\\user\\Ball_catch -acceptSoftwareTermsForThisRunOnly -useHub -hubIPC -cloudEnvironment production","communication_protocol_version":"1.5.0","com.unity.ml-agents_version":"2.3.0-exp.3","scene_name":"3DBall","end_time_seconds":"1759475538"}}